-- MySQL Script generated by MySQL Workbench
-- Tue Mar 24 14:35:25 2020
-- Model: New Model    Version: 1.0
-- MySQL Workbench Forward Engineering

SET @OLD_UNIQUE_CHECKS=@@UNIQUE_CHECKS, UNIQUE_CHECKS=0;
SET @OLD_FOREIGN_KEY_CHECKS=@@FOREIGN_KEY_CHECKS, FOREIGN_KEY_CHECKS=0;
SET @OLD_SQL_MODE=@@SQL_MODE, SQL_MODE='ONLY_FULL_GROUP_BY,STRICT_TRANS_TABLES,NO_ZERO_IN_DATE,NO_ZERO_DATE,ERROR_FOR_DIVISION_BY_ZERO,NO_ENGINE_SUBSTITUTION';

-- -----------------------------------------------------
-- Schema restaurante
-- -----------------------------------------------------

-- -----------------------------------------------------
-- Schema restaurante
-- -----------------------------------------------------
CREATE SCHEMA IF NOT EXISTS `restaurante` DEFAULT CHARACTER SET utf8 ;
USE `restaurante` ;

-- -----------------------------------------------------
-- Table `restaurante`.`Mesa`
-- -----------------------------------------------------
CREATE TABLE IF NOT EXISTS `restaurante`.`Mesa` (
  `idmesa` INT NOT NULL AUTO_INCREMENT,
  `nombre` VARCHAR(45) NOT NULL,
  `numero_personas` INT NOT NULL,
  PRIMARY KEY (`idmesa`))
ENGINE = InnoDB;
INSERT INTO `Mesa` VALUES(1,'mesa1',5);
INSERT INTO `Mesa` VALUES(2,'mesa2',10);
INSERT INTO `Mesa` VALUES(3,'mesa3',15);
INSERT INTO `Mesa` VALUES(4,'mesa4',20);
INSERT INTO `Mesa` VALUES(5,'mesa5',10);
INSERT INTO `Mesa` VALUES(6,'mesa6',20);
INSERT INTO `Mesa` VALUES(7,'mesa7',10);
INSERT INTO `Mesa` VALUES(8,'mesa8',20);

-- -----------------------------------------------------

-- Table `restaurante`.`Recepcionista`
-- -----------------------------------------------------
CREATE TABLE IF NOT EXISTS `restaurante`.`Recepcionista` (
  `idrecepcionista` INT NOT NULL AUTO_INCREMENT,
  `nombre` VARCHAR(45) NOT NULL,
  `apellido` VARCHAR(45) NOT NULL,
  `correo` VARCHAR(45) NOT NULL,
  `clave` VARCHAR(45) NOT NULL,
  PRIMARY KEY (`idrecepcionista`))
ENGINE = InnoDB;
INSERT INTO `Recepcionista` VALUES(1,'Andres','Guasca','1@1.com','c4ca4238a0b923820dcc509a6f75849b');
INSERT INTO `Recepcionista` VALUES(2,'Felipe','Montero','2@2.com','c81e728d9d4c2f636f067f89cc14862c');
INSERT INTO `Recepcionista` VALUES(3,'Ana','Quintero','3@3.com','eccbc87e4b5ce2fe28308fd9f2a7baf3');
INSERT INTO `Recepcionista` VALUES(4,'Walter','Velandia','4@4.com','a87ff679a2f3e71d9181a67b7542122c');
INSERT INTO `Recepcionista` VALUES(5,'German','Castillo','5@5.com','e4da3b7fbbce2345d7772b0674a318d5');
INSERT INTO `Recepcionista` VALUES(6,'Alexander','Contreras','6@6.com','1679091c5a880faf6fb5e6087eb1b2dc');
INSERT INTO `Recepcionista` VALUES(7,'Mijael','Guasca','7@7.com','8f14e45fceea167a5a36dedd4bea2543');

-- -----------------------------------------------------
-- Table `restaurante`.`Cliente`
-- -----------------------------------------------------
CREATE TABLE IF NOT EXISTS `restaurante`.`Cliente` (
  `idcliente` INT NOT NULL AUTO_INCREMENT,
  `nombre` VARCHAR(45) NOT NULL,
  `apellido` VARCHAR(45) NOT NULL,
  `correo` VARCHAR(45) NOT NULL,
  `clave` VARCHAR(45) NOT NULL,
  `estado` INT NOT NULL,
  `cedula` DOUBLE NOT NULL DEFAULT 0,
  PRIMARY KEY (`idcliente`))
ENGINE = InnoDB;
INSERT INTO `Cliente` VALUES(1,'Roman','Vargas','11@11.com','6512bd43d9caa6e02c990b0a82652dca');
INSERT INTO `Cliente` VALUES(2,'Rene','Adrian','12@12.com','c20ad4d76fe97759aa27a0c99bff6710');
INSERT INTO `Cliente` VALUES(3,'Demistocles','Correa','13@13.com','c51ce410c124a10e0db5e4b97fc2af39');
INSERT INTO `Cliente` VALUES(4,'Bruno','Velandia','14@14.com','aab3238922bcc25a6f606eb525ffdc56');
INSERT INTO `Cliente` VALUES(5,'Ricardo','Armada','15@15.com','9bf31c7ff062936a96d3c8bd1f8f2ff3');
INSERT INTO `Cliente` VALUES(6,'Alexander','Contreras','16@16.com','c74d97b01eae257e44aa9d5bade97baf');
INSERT INTO `Cliente` VALUES(7,'Mijael','Guasca','17@17.com','70efdf2ec9b086079795c442636b55fb');
INSERT INTO `Cliente` VALUES(8,'Diego','Amadeus','18@18.com','6f4922f45568161a8cdf4ad2299f6d23');
-- -----------------------------------------------------
-- Table `restaurante`.`Reserva`
-- -----------------------------------------------------
CREATE TABLE IF NOT EXISTS `restaurante`.`Reserva` (
  `idreserva` INT NOT NULL AUTO_INCREMENT,
  `hora` TIME NOT NULL,
  `fecha` DATE NOT NULL,
  `cliente_idcliente` INT NOT NULL,
  `mesa_idmesa` INT NOT NULL,
  `recepcionista_idrecepcionista` INT NOT NULL,
  `estado` INT NOT NULL,
  PRIMARY KEY (`idreserva`),
  INDEX `fk_Reserva_Cliente1_idx` (`cliente_idcliente` ASC) ,
  INDEX `fk_Reserva_Mesa1_idx` (`mesa_idmesa` ASC) ,
  INDEX `fk_Reserva_Recepcionista1_idx` (`recepcionista_idrecepcionista` ASC) ,
  CONSTRAINT `fk_Reserva_Cliente1`
    FOREIGN KEY (`cliente_idcliente`)
    REFERENCES `restaurante`.`Cliente` (`idcliente`)
    ON DELETE NO ACTION
    ON UPDATE NO ACTION,
  CONSTRAINT `fk_Reserva_Mesa1`
    FOREIGN KEY (`mesa_idmesa`)
    REFERENCES `restaurante`.`Mesa` (`idmesa`)
    ON DELETE NO ACTION
    ON UPDATE NO ACTION,
  CONSTRAINT `fk_Reserva_Recepcionista1`
    FOREIGN KEY (`recepcionista_idrecepcionista`)
    REFERENCES `restaurante`.`Recepcionista` (`idrecepcionista`)
    ON DELETE NO ACTION
    ON UPDATE NO ACTION)
ENGINE = InnoDB;
INSERT INTO `Reserva` VALUES(1,'03:00:00','2020-03-21',1,1,1,0);
INSERT INTO `Reserva` VALUES(1,'03:00:00','2020-03-21',2,2,2,0);
INSERT INTO `Reserva` VALUES(1,'03:00:00','2020-03-21',3,3,3,0);
INSERT INTO `Reserva` VALUES(1,'03:00:00','2020-03-21',4,4,4,0);
INSERT INTO `Reserva` VALUES(1,'03:00:00','2020-03-21',5,5,5,0);
INSERT INTO `Reserva` VALUES(1,'03:00:00','2020-03-21',6,6,6,0);
INSERT INTO `Reserva` VALUES(1,'03:00:00','2020-03-21',7,7,7,0);
INSERT INTO `Reserva` VALUES(1,'03:00:00','2020-03-21',8,8,8,0);
-- -----------------------------------------------------
-- Table `restaurante`.`Chef`
-- -----------------------------------------------------
CREATE TABLE IF NOT EXISTS `restaurante`.`Chef` (
  `idchef` INT NOT NULL AUTO_INCREMENT,
  `nombre` VARCHAR(45) NOT NULL,
  `apellido` VARCHAR(45) NOT NULL,
  `correo` VARCHAR(45) NOT NULL,
  `clave` VARCHAR(45) NOT NULL,
  `tarjetaprofesional` VARCHAR(45) NOT NULL,
  PRIMARY KEY (`idchef`))
ENGINE = InnoDB;

INSERT INTO `Chef` VALUES(1,'Fernando','Gonzales','21@21.com','3c59dc048e8850243be8079a5c74d079','87654325');
INSERT INTO `Chef` VALUES(1,'Enith','Rodriguez','22@22.com','b6d767d2f8ed5d21a44b0e5886680cb9','7653235322');
INSERT INTO `Chef` VALUES(1,'Gustavo','Atehortua','23@23.com','37693cfc748049e45d87b8c7d8b9aacd','754255332');
INSERT INTO `Chef` VALUES(1,'Rodriguez','Ramires','24@24.com','1ff1de774005f8da13f42943881c655f','654234');
INSERT INTO `Chef` VALUES(1,'Andrea','Cadavid','25@25.com','8e296a067a37563370ded05f5a3bf3ec','124643');

-- -----------------------------------------------------
-- Table `restaurante`.`Pedido`
-- -----------------------------------------------------
CREATE TABLE IF NOT EXISTS `restaurante`.`Pedido` (
  `idpedido` INT NOT NULL AUTO_INCREMENT,
  `reserva_idreserva` INT NOT NULL,
  `chef_idchef` INT NOT NULL,
  `estado` VARCHAR(45) NOT NULL,
  PRIMARY KEY (`idpedido`),
  INDEX `fk_Pedido_Reserva1_idx` (`reserva_idreserva` ASC) ,
  INDEX `fk_Pedido_Chef1_idx` (`chef_idchef` ASC) ,
  CONSTRAINT `fk_Pedido_Reserva1`
    FOREIGN KEY (`reserva_idreserva`)
    REFERENCES `restaurante`.`Reserva` (`idreserva`)
    ON DELETE NO ACTION
    ON UPDATE NO ACTION,
  CONSTRAINT `fk_Pedido_Chef1`
    FOREIGN KEY (`chef_idchef`)
    REFERENCES `restaurante`.`Chef` (`idchef`)
    ON DELETE NO ACTION
    ON UPDATE NO ACTION)
ENGINE = InnoDB;

INSERT INTO `Pedido` VALUES(1,1,1,0);
INSERT INTO `Pedido` VALUES(2,2,2,0);
INSERT INTO `Pedido` VALUES(3,3,3,0);
INSERT INTO `Pedido` VALUES(4,4,4,0);
INSERT INTO `Pedido` VALUES(5,5,5,0);
-- -----------------------------------------------------
-- Table `restaurante`.`Plato`
-- -----------------------------------------------------
CREATE TABLE IF NOT EXISTS `restaurante`.`Plato` (
  `idplato` INT NOT NULL AUTO_INCREMENT,
  `nombre` VARCHAR(45) NOT NULL,
  `precio` VARCHAR(45) NOT NULL,
  `foto` VARCHAR(45) NOT NULL,
  PRIMARY KEY (`idplato`))
ENGINE = InnoDB;
INSERT INTO `Plato` VALUES(1, 'Paella', '20000', ,'paella.jpg');
INSERT INTO `Plato` VALUES(2, 'Wiener Schnitzel', '35000', ,'wiener.jpg');
INSERT INTO `Plato` VALUES(3, 'Mole', '20000', ,'mole.png');
INSERT INTO `Plato` VALUES(4, 'Fish and Chips', ,'20000', 'fish_chips.jpg');
INSERT INTO `Plato` VALUES(5, 'Papas a la huancaína', '20000', ,'papas_huancaina.jpg');
-- -----------------------------------------------------
-- Table `restaurante`.`Factura`
-- -----------------------------------------------------
CREATE TABLE IF NOT EXISTS `restaurante`.`Factura` (
  `idfactura` INT UNSIGNED NOT NULL,
  `montoFinal` DOUBLE NOT NULL,
  `pedido_idpedido` INT NOT NULL,
  PRIMARY KEY (`idfactura`),
  INDEX `fk_Factura_Pedido1_idx` (`pedido_idpedido` ASC) ,
  CONSTRAINT `fk_Factura_Pedido1`
    FOREIGN KEY (`pedido_idpedido`)
    REFERENCES `restaurante`.`Pedido` (`idpedido`)
    ON DELETE NO ACTION
    ON UPDATE NO ACTION)
ENGINE = InnoDB;

-- -----------------------------------------------------
-- Table `restaurante`.`Administrador`
-- -----------------------------------------------------
CREATE TABLE IF NOT EXISTS `restaurante`.`Administrador` (
  `idadministrador` INT NOT NULL AUTO_INCREMENT,
  `nombre` VARCHAR(45) NOT NULL,
  `apellido` VARCHAR(45) NOT NULL,
  `correo` VARCHAR(45) NOT NULL,
  `clave` VARCHAR(45) NOT NULL,
  PRIMARY KEY (`idadministrador`))
ENGINE = InnoDB;


-- -----------------------------------------------------
-- Table `restaurante`.`Pedido_Plato`
-- -----------------------------------------------------
CREATE TABLE IF NOT EXISTS `restaurante`.`Pedido_Plato` (
  `Pedido_idpedido` INT NOT NULL,
  `Plato_idplato` INT NOT NULL,
  `cantidad` INT NOT NULL,
  `descripcion` VARCHAR(45) NOT NULL,
  PRIMARY KEY (`Pedido_idpedido`, `Plato_idplato`),
  INDEX `fk_Pedido_has_Plato_Plato1_idx` (`Plato_idplato` ASC) ,
  INDEX `fk_Pedido_has_Plato_Pedido1_idx` (`Pedido_idpedido` ASC) ,
  CONSTRAINT `fk_Pedido_has_Plato_Pedido1`
    FOREIGN KEY (`Pedido_idpedido`)
    REFERENCES `restaurante`.`Pedido` (`idpedido`)
    ON DELETE NO ACTION
    ON UPDATE NO ACTION,
  CONSTRAINT `fk_Pedido_has_Plato_Plato1`
    FOREIGN KEY (`Plato_idplato`)
    REFERENCES `restaurante`.`Plato` (`idplato`)
    ON DELETE NO ACTION
    ON UPDATE NO ACTION)
ENGINE = InnoDB;
INSERT INTO `Plato` VALUES(1, 'Paella', '20000', ,'paella.jpg');
INSERT INTO `Plato` VALUES(2, 'Wiener Schnitzel', '35000', ,'wiener.jpg');
INSERT INTO `Plato` VALUES(3, 'Mole', '20000', ,'mole.png');
INSERT INTO `Plato` VALUES(4, 'Fish and Chips', ,'20000', 'fish_chips.jpg');
INSERT INTO `Plato` VALUES(5, 'Papas a la huancaína', '20000', ,'papas_huancaina.jpg');

SET SQL_MODE=@OLD_SQL_MODE;
SET FOREIGN_KEY_CHECKS=@OLD_FOREIGN_KEY_CHECKS;
SET UNIQUE_CHECKS=@OLD_UNIQUE_CHECKS;
